Correlation,full_sample,matched_subsample,unmatched_own_phone,unmatched_no_phone
Ultra-poor <-> Asset Index,0.013136534771018268,-0.0029060867834854406,0.020320789931805656,0.00520622374724681
Ultra-poor <-> Consumption,-0.0047096763188911196,-0.005215529906944341,0.010686940445548295,-0.045749661434168525
Asset Index <-> Consumption,-0.03513567991258056,-0.10599179526887116,-0.04341154234960037,0.04167201938597034
